software.sava.services.core.remote.call.ComposedCall,get,58,VoidMethodCallMutator,SURVIVED # log-removal
software.sava.services.core.remote.call.CourteousBalancedCall,call,31,ConditionalsBoundaryMutator,SURVIVED # single-item-pool
software.sava.services.core.remote.call.CourteousBalancedCall,call,31,RemoveConditionalMutator_ORDER_IF,SURVIVED # single-item-pool
software.sava.services.core.remote.call.CourteousBalancedCall,call,35,RemoveConditionalMutator_EQUAL_IF,SURVIVED # concurrency-deferred
software.sava.services.core.remote.call.CourteousBalancedCall,call,39,RemoveConditionalMutator_EQUAL_IF,SURVIVED # concurrency-deferred
software.sava.services.core.remote.call.CourteousBalancedCall,call,58,VoidMethodCallMutator,SURVIVED # no-op-sort
software.sava.services.core.remote.call.UncheckedBalancedCall,get,53,RemoveConditionalMutator_EQUAL_IF,SURVIVED # converging-fallback
software.sava.services.core.remote.call.UncheckedBalancedCall,get,76,VoidMethodCallMutator,SURVIVED # timer-unobservable
software.sava.services.core.remote.call.UncheckedBalancedCall,get,82,VoidMethodCallMutator,SURVIVED # timer-unobservable
software.sava.services.core.remote.call.UncheckedBalancedCall,get,92,RemoveConditionalMutator_EQUAL_IF,SURVIVED # converging-fallback
