software.sava.kms.core.signing.BaseKMSClient,<init>,29,RemoveConditionalMutator_EQUAL_ELSE,NO_COVERAGE
software.sava.kms.core.signing.BaseKMSClient,<init>,29,RemoveConditionalMutator_EQUAL_IF,NO_COVERAGE
software.sava.kms.core.signing.BaseKMSClient,capacityMonitor,35,NullReturnValsMutator,NO_COVERAGE
software.sava.kms.core.signing.BaseKMSClient,publicKeyWithRetries,40,RemoveConditionalMutator_EQUAL_ELSE,NO_COVERAGE
software.sava.kms.core.signing.BaseKMSClient,publicKeyWithRetries,40,RemoveConditionalMutator_EQUAL_IF,NO_COVERAGE
software.sava.kms.core.signing.BaseKMSClient,publicKeyWithRetries,41,NullReturnValsMutator,NO_COVERAGE
software.sava.kms.core.signing.BaseKMSClient,publicKeyWithRetries,47,NullReturnValsMutator,NO_COVERAGE
software.sava.kms.core.signing.MemorySigner,publicKeyWithRetries,26,NullReturnValsMutator,NO_COVERAGE
software.sava.kms.core.signing.MemorySigner,sign,31,NullReturnValsMutator,NO_COVERAGE
software.sava.kms.core.signing.MemorySigner,sign,36,NullReturnValsMutator,NO_COVERAGE
software.sava.kms.core.signing.MemorySignerFromFilePointerFactory,createService,60,NullReturnValsMutator,NO_COVERAGE
software.sava.kms.core.signing.MemorySignerFromFilePointerFactory,test,88,RemoveConditionalMutator_EQUAL_IF,SURVIVED
software.sava.kms.core.signing.MemorySignerFromFilePointerFactory,test,93,BooleanFalseReturnValsMutator,SURVIVED
software.sava.kms.core.signing.SigningServiceConfig$Parser,createConfig,100,VoidMethodCallMutator,NO_COVERAGE
software.sava.kms.core.signing.SigningServiceConfig$Parser,createConfig,105,NullReturnValsMutator,NO_COVERAGE
software.sava.kms.core.signing.SigningServiceConfig$Parser,createConfig,89,RemoveConditionalMutator_EQUAL_ELSE,NO_COVERAGE
software.sava.kms.core.signing.SigningServiceConfig$Parser,createConfig,89,RemoveConditionalMutator_EQUAL_IF,NO_COVERAGE
software.sava.kms.core.signing.SigningServiceConfig$Parser,createConfig,90,RemoveConditionalMutator_EQUAL_ELSE,NO_COVERAGE
software.sava.kms.core.signing.SigningServiceConfig$Parser,createConfig,90,RemoveConditionalMutator_EQUAL_IF,NO_COVERAGE
software.sava.kms.core.signing.SigningServiceConfig$Parser,createConfig,94,RemoveConditionalMutator_EQUAL_ELSE,NO_COVERAGE
software.sava.kms.core.signing.SigningServiceConfig$Parser,createConfig,94,RemoveConditionalMutator_EQUAL_IF,NO_COVERAGE
software.sava.kms.core.signing.SigningServiceConfig$Parser,createConfig,95,ConditionalsBoundaryMutator,NO_COVERAGE
software.sava.kms.core.signing.SigningServiceConfig$Parser,createConfig,95,RemoveConditionalMutator_ORDER_ELSE,NO_COVERAGE
software.sava.kms.core.signing.SigningServiceConfig$Parser,createConfig,95,RemoveConditionalMutator_ORDER_IF,NO_COVERAGE
software.sava.kms.core.signing.SigningServiceConfig$Parser,createConfig,97,RemoveConditionalMutator_EQUAL_ELSE,NO_COVERAGE
software.sava.kms.core.signing.SigningServiceConfig$Parser,createConfig,97,RemoveConditionalMutator_EQUAL_IF,NO_COVERAGE
software.sava.kms.core.signing.SigningServiceConfig$Parser,lambda$createService$0,110,BooleanFalseReturnValsMutator,NO_COVERAGE
software.sava.kms.core.signing.SigningServiceConfig$Parser,lambda$createService$0,110,BooleanTrueReturnValsMutator,NO_COVERAGE
software.sava.kms.core.signing.SigningServiceConfig$Parser,test,117,RemoveConditionalMutator_EQUAL_ELSE,NO_COVERAGE
software.sava.kms.core.signing.SigningServiceConfig$Parser,test,117,RemoveConditionalMutator_EQUAL_IF,NO_COVERAGE
software.sava.kms.core.signing.SigningServiceConfig$Parser,test,119,RemoveConditionalMutator_EQUAL_ELSE,NO_COVERAGE
software.sava.kms.core.signing.SigningServiceConfig$Parser,test,119,RemoveConditionalMutator_EQUAL_IF,NO_COVERAGE
software.sava.kms.core.signing.SigningServiceConfig$Parser,test,122,RemoveConditionalMutator_EQUAL_ELSE,NO_COVERAGE
software.sava.kms.core.signing.SigningServiceConfig$Parser,test,122,RemoveConditionalMutator_EQUAL_IF,NO_COVERAGE
software.sava.kms.core.signing.SigningServiceConfig$Parser,test,124,RemoveConditionalMutator_EQUAL_ELSE,NO_COVERAGE
software.sava.kms.core.signing.SigningServiceConfig$Parser,test,124,RemoveConditionalMutator_EQUAL_IF,NO_COVERAGE
software.sava.kms.core.signing.SigningServiceConfig$Parser,test,125,RemoveConditionalMutator_EQUAL_ELSE,NO_COVERAGE
software.sava.kms.core.signing.SigningServiceConfig$Parser,test,125,RemoveConditionalMutator_EQUAL_IF,NO_COVERAGE
software.sava.kms.core.signing.SigningServiceConfig$Parser,test,129,VoidMethodCallMutator,NO_COVERAGE
software.sava.kms.core.signing.SigningServiceConfig$Parser,test,134,BooleanFalseReturnValsMutator,NO_COVERAGE
software.sava.kms.core.signing.SigningServiceConfig,lambda$parseConfig$0,52,BooleanFalseReturnValsMutator,NO_COVERAGE
software.sava.kms.core.signing.SigningServiceConfig,lambda$parseConfig$0,52,BooleanTrueReturnValsMutator,NO_COVERAGE
software.sava.kms.core.signing.SigningServiceConfig,lambda$parseConfig$1,65,BooleanFalseReturnValsMutator,NO_COVERAGE
software.sava.kms.core.signing.SigningServiceConfig,lambda$parseConfig$1,65,BooleanTrueReturnValsMutator,NO_COVERAGE
software.sava.kms.core.signing.SigningServiceConfig,parseConfig,19,NullReturnValsMutator,NO_COVERAGE
software.sava.kms.core.signing.SigningServiceConfig,parseConfig,26,VoidMethodCallMutator,NO_COVERAGE
software.sava.kms.core.signing.SigningServiceConfig,parseConfig,27,NullReturnValsMutator,NO_COVERAGE
software.sava.kms.core.signing.SigningServiceConfig,parseConfig,31,NullReturnValsMutator,NO_COVERAGE
software.sava.kms.core.signing.SigningServiceConfig,parseConfig,36,NullReturnValsMutator,NO_COVERAGE
software.sava.kms.core.signing.SigningServiceConfig,parseConfig,42,NullReturnValsMutator,NO_COVERAGE
software.sava.kms.core.signing.SigningServiceConfig,parseConfig,52,RemoveConditionalMutator_EQUAL_ELSE,NO_COVERAGE
software.sava.kms.core.signing.SigningServiceConfig,parseConfig,52,RemoveConditionalMutator_EQUAL_IF,NO_COVERAGE
software.sava.kms.core.signing.SigningServiceConfig,parseConfig,55,RemoveConditionalMutator_EQUAL_ELSE,NO_COVERAGE
software.sava.kms.core.signing.SigningServiceConfig,parseConfig,55,RemoveConditionalMutator_EQUAL_IF,NO_COVERAGE
software.sava.kms.core.signing.SigningServiceConfig,parseConfig,60,RemoveConditionalMutator_EQUAL_ELSE,NO_COVERAGE
software.sava.kms.core.signing.SigningServiceConfig,parseConfig,60,RemoveConditionalMutator_EQUAL_IF,NO_COVERAGE
software.sava.kms.core.signing.SigningServiceConfig,parseConfig,68,NullReturnValsMutator,NO_COVERAGE
software.sava.kms.core.signing.SigningServiceConfig,parseConfig,72,NullReturnValsMutator,NO_COVERAGE
