software.sava.services.solana.alt.TableCacheConfig$Builder,parseProperties,61,RemoveConditionalMutator_EQUAL_IF,SURVIVED
software.sava.services.solana.alt.TableCacheConfig$Builder,test,86,RemoveConditionalMutator_EQUAL_IF,SURVIVED
software.sava.services.solana.config.HeliusConfig$Parser,parseProperties,66,RemoveConditionalMutator_EQUAL_IF,SURVIVED
software.sava.services.solana.config.HeliusConfig$Parser,parseProperties,69,RemoveConditionalMutator_EQUAL_IF,SURVIVED
software.sava.services.solana.config.HeliusConfig$Parser,test,85,BooleanTrueReturnValsMutator,SURVIVED
software.sava.services.solana.config.HeliusConfig,createClient,54,NullReturnValsMutator,NO_COVERAGE
software.sava.services.solana.config.HeliusConfig,equals,93,BooleanFalseReturnValsMutator,NO_COVERAGE
software.sava.services.solana.config.HeliusConfig,equals,93,RemoveConditionalMutator_EQUAL_IF,NO_COVERAGE
software.sava.services.solana.config.HeliusConfig,equals,94,RemoveConditionalMutator_EQUAL_ELSE,NO_COVERAGE
software.sava.services.solana.config.HeliusConfig,equals,94,RemoveConditionalMutator_EQUAL_IF,NO_COVERAGE
software.sava.services.solana.config.HeliusConfig,equals,95,BooleanTrueReturnValsMutator,NO_COVERAGE
software.sava.services.solana.config.HeliusConfig,equals,95,RemoveConditionalMutator_EQUAL_ELSE,NO_COVERAGE
software.sava.services.solana.config.HeliusConfig,equals,95,RemoveConditionalMutator_EQUAL_IF,NO_COVERAGE
software.sava.services.solana.config.HeliusConfig,equals,96,RemoveConditionalMutator_EQUAL_ELSE,NO_COVERAGE
software.sava.services.solana.config.HeliusConfig,equals,96,RemoveConditionalMutator_EQUAL_IF,NO_COVERAGE
software.sava.services.solana.config.HeliusConfig,equals,97,RemoveConditionalMutator_EQUAL_ELSE,NO_COVERAGE
software.sava.services.solana.config.HeliusConfig,equals,97,RemoveConditionalMutator_EQUAL_IF,NO_COVERAGE
software.sava.services.solana.config.HeliusConfig,equals,99,BooleanTrueReturnValsMutator,NO_COVERAGE
software.sava.services.solana.config.HeliusConfig,hashCode,105,PrimitiveReturnsMutator,NO_COVERAGE
software.sava.services.solana.config.HeliusConfig,toString,110,EmptyObjectReturnValsMutator,NO_COVERAGE
software.sava.services.solana.epoch.EpochServiceConfig$Parser,parseProperties,72,RemoveConditionalMutator_EQUAL_IF,SURVIVED
software.sava.services.solana.epoch.EpochServiceConfig$Parser,parseProperties,76,RemoveConditionalMutator_EQUAL_IF,SURVIVED
software.sava.services.solana.epoch.EpochServiceConfig$Parser,parseProperties,80,RemoveConditionalMutator_EQUAL_IF,SURVIVED
software.sava.services.solana.remote.call.CallWeights$Parser,test,69,RemoveConditionalMutator_EQUAL_IF,SURVIVED
software.sava.services.solana.transactions.TxMonitorConfig$Parser,parseProperties,61,RemoveConditionalMutator_EQUAL_IF,SURVIVED
software.sava.services.solana.transactions.TxMonitorConfig$Parser,parseProperties,65,RemoveConditionalMutator_EQUAL_IF,SURVIVED
software.sava.services.solana.transactions.TxMonitorConfig$Parser,parseProperties,69,RemoveConditionalMutator_EQUAL_IF,SURVIVED
