software.sava.kms.google.GoogleKMSClient,close,91,VoidMethodCallMutator,NO_COVERAGE
software.sava.kms.google.GoogleKMSClient,lambda$publicKey$0,46,NullReturnValsMutator,NO_COVERAGE
software.sava.kms.google.GoogleKMSClient,lambda$publicKey$0,48,RemoveConditionalMutator_EQUAL_ELSE,NO_COVERAGE
software.sava.kms.google.GoogleKMSClient,lambda$publicKey$0,48,RemoveConditionalMutator_EQUAL_IF,NO_COVERAGE
software.sava.kms.google.GoogleKMSClient,lambda$sign$0,64,RemoveConditionalMutator_EQUAL_ELSE,NO_COVERAGE
software.sava.kms.google.GoogleKMSClient,lambda$sign$0,64,RemoveConditionalMutator_EQUAL_IF,NO_COVERAGE
software.sava.kms.google.GoogleKMSClient,lambda$sign$0,65,VoidMethodCallMutator,NO_COVERAGE
software.sava.kms.google.GoogleKMSClient,lambda$sign$0,68,NullReturnValsMutator,NO_COVERAGE
software.sava.kms.google.GoogleKMSClient,lambda$sign$0,70,RemoveConditionalMutator_EQUAL_ELSE,NO_COVERAGE
software.sava.kms.google.GoogleKMSClient,lambda$sign$0,70,RemoveConditionalMutator_EQUAL_IF,NO_COVERAGE
software.sava.kms.google.GoogleKMSClient,parsePublicKeyFromPem,34,MathMutator,NO_COVERAGE
software.sava.kms.google.GoogleKMSClient,parsePublicKeyFromPem,38,MathMutator,NO_COVERAGE
software.sava.kms.google.GoogleKMSClient,parsePublicKeyFromPem,38,NullReturnValsMutator,NO_COVERAGE
software.sava.kms.google.GoogleKMSClient,publicKey,43,NullReturnValsMutator,NO_COVERAGE
software.sava.kms.google.GoogleKMSClient,sign,58,NullReturnValsMutator,NO_COVERAGE
software.sava.kms.google.GoogleKMSClient,sign,81,NullReturnValsMutator,NO_COVERAGE
software.sava.kms.google.GoogleKMSClient,sign,86,NullReturnValsMutator,NO_COVERAGE
software.sava.kms.google.GoogleKMSClientFactory,createService,103,RemoveConditionalMutator_EQUAL_ELSE,SURVIVED
software.sava.kms.google.GoogleKMSClientFactory,createService,103,RemoveConditionalMutator_EQUAL_IF,SURVIVED
software.sava.kms.google.GoogleKMSClientFactory,createService,107,RemoveConditionalMutator_EQUAL_ELSE,SURVIVED
software.sava.kms.google.GoogleKMSClientFactory,createService,107,RemoveConditionalMutator_EQUAL_IF,SURVIVED
software.sava.kms.google.GoogleKMSClientFactory,createService,111,RemoveConditionalMutator_EQUAL_ELSE,SURVIVED
software.sava.kms.google.GoogleKMSClientFactory,createService,111,RemoveConditionalMutator_EQUAL_IF,SURVIVED
software.sava.kms.google.GoogleKMSClientFactory,createService,115,RemoveConditionalMutator_EQUAL_ELSE,SURVIVED
software.sava.kms.google.GoogleKMSClientFactory,createService,115,RemoveConditionalMutator_EQUAL_IF,SURVIVED
software.sava.kms.google.GoogleKMSClientFactory,createService,119,RemoveConditionalMutator_EQUAL_IF,SURVIVED
software.sava.kms.google.GoogleKMSClientFactory,createService,124,NullReturnValsMutator,NO_COVERAGE
software.sava.kms.google.GoogleKMSClientFactory,createService,142,NullReturnValsMutator,NO_COVERAGE
software.sava.kms.google.GoogleKMSClientFactory,createService,36,NullReturnValsMutator,NO_COVERAGE
software.sava.kms.google.GoogleKMSClientFactory,createService,51,NullReturnValsMutator,NO_COVERAGE
software.sava.kms.google.GoogleKMSClientFactory,createService,70,NullReturnValsMutator,NO_COVERAGE
software.sava.kms.google.GoogleKMSClientFactory,createService,87,NullReturnValsMutator,NO_COVERAGE
software.sava.kms.google.GoogleKMSClientFactory,createService,99,RemoveConditionalMutator_EQUAL_ELSE,SURVIVED
software.sava.kms.google.GoogleKMSClientFactory,createService,99,RemoveConditionalMutator_EQUAL_IF,SURVIVED
software.sava.kms.google.GoogleKMSClientFactory,lambda$createService$0,119,BooleanTrueReturnValsMutator,SURVIVED
software.sava.kms.google.GoogleKMSErrorTracker,isRateLimited,28,BooleanTrueReturnValsMutator,NO_COVERAGE
software.sava.kms.google.GoogleKMSErrorTracker,isRequestError,23,BooleanTrueReturnValsMutator,NO_COVERAGE
software.sava.kms.google.GoogleKMSErrorTracker,logResponse,38,VoidMethodCallMutator,SURVIVED
software.sava.kms.google.GoogleKMSErrorTracker,updateGroupedErrorResponseCount,33,BooleanTrueReturnValsMutator,NO_COVERAGE
